yr,gen,block,plot,row,col,fy
H01,MK01,B1,MK01B1,1,13,1.341607143
H01,MK02,B1,MK02B1,1,1,16.84443179
H01,MK03,B1,MK03B1,1,18,3.296743518
H01,MK04,B1,MK04B1,1,9,5.145698612
H01,MK05,B1,MK05B1,1,10,5.038143939
H01,MK06,B1,MK06B1,1,16,2.755303968
H01,MK07,B1,MK07B1,1,22,3.608892874
H01,MK08,B1,MK08B1,1,20,2.143248378
H01,MK09,B1,MK09B1,1,23,0.894317747
H01,MK10,B1,MK10B1,1,4,10.37016566
H01,MK11,B1,MK11B1,1,3,3.07648976
H01,MK12,B1,MK12B1,1,19,2.198750617
H01,MK13,B1,MK13B1,1,24,1.601442896
H01,MK14,B1,MK14B1,1,14,3.311509793
H01,MK15,B1,MK15B1,1,7,4.096261303
H01,MK16,B1,MK16B1,1,6,0
H01,MK17,B1,MK17B1,1,2,4.266124542
H01,MK18,B1,MK18B1,1,25,2.584732275
H01,MK19,B1,MK19B1,1,21,2.704318613
H01,MK20,B1,MK20B1,1,5,3.156323233
H01,MK21,B1,MK21B1,1,8,4.834099868
H01,MK22,B1,MK22B1,1,17,2.978190477
H01,MK23,B1,MK23B1,1,15,5.818841269
H01,MK24,B1,MK24B1,1,11,9.775476946
H01,MK25,B1,MK25B1,1,12,3.615395144
H01,MK01,B2,MK01B2,2,20,0
H01,MK02,B2,MK02B2,2,2,7.342444626
H01,MK03,B2,MK03B2,2,3,7.535413756
H01,MK04,B2,MK04B2,2,11,5.613489394
H01,MK05,B2,MK05B2,2,15,3.022886364
H01,MK06,B2,MK06B2,2,18,3.214521296
H01,MK07,B2,MK07B2,2,22,1.603952388
H01,MK08,B2,MK08B2,2,19,0
H01,MK09,B2,MK09B2,2,13,2.01221493
H01,MK10,B2,MK10B2,2,9,6.794246464
H01,MK11,B2,MK11B2,2,10,0
H01,MK12,B2,MK12B2,2,12,3.298125926
H01,MK13,B2,MK13B2,2,7,6.405771582
H01,MK14,B2,MK14B2,2,5,4.730728276
H01,MK15,B2,MK15B2,2,17,2.048130652
H01,MK16,B2,MK16B2,2,14,2.231696209
H01,MK17,B2,MK17B2,2,16,0
H01,MK18,B2,MK18B2,2,25,3.877098413
H01,MK19,B2,MK19B2,2,21,1.158993691
H01,MK20,B2,MK20B2,2,1,10.25805051
H01,MK21,B2,MK21B2,2,4,5.273563492
H01,MK22,B2,MK22B2,2,23,1.861369048
H01,MK23,B2,MK23B2,2,6,4.476031746
H01,MK24,B2,MK24B2,2,8,10.62551842
H01,MK25,B2,MK25B2,2,24,3.615395144
H01,MK01,B3,MK01B3,3,10,4.919226191
H01,MK02,B3,MK02B3,3,16,4.750993582
H01,MK03,B3,MK03B3,3,11,6.122523677
H01,MK04,B3,MK04B3,3,20,3.742326263
H01,MK05,B3,MK05B3,3,3,2.51907197
H01,MK06,B3,MK06B3,3,14,1.377651984
H01,MK07,B3,MK07B3,3,13,3.207904777
H01,MK08,B3,MK08B3,3,2,4.01859071
H01,MK09,B3,MK09B3,3,1,0
H01,MK10,B3,MK10B3,3,6,0.357591919
H01,MK11,B3,MK11B3,3,17,0
H01,MK12,B3,MK12B3,3,9,4.122657407
H01,MK13,B3,MK13B3,3,19,0
H01,MK14,B3,MK14B3,3,24,3.548046207
H01,MK15,B3,MK15B3,3,4,4.505887434
H01,MK16,B3,MK16B3,3,21,0
H01,MK17,B3,MK17B3,3,18,0.639918681
H01,MK18,B3,MK18B3,3,12,2.584732275
H01,MK19,B3,MK19B3,3,7,4.249643536
H01,MK20,B3,MK20B3,3,5,7.890808081
H01,MK21,B3,MK21B3,3,15,4.394636243
H01,MK22,B3,MK22B3,3,25,0
H01,MK23,B3,MK23B3,3,23,0.89520635
H01,MK24,B3,MK24B3,3,22,3.825186631
H01,MK25,B3,MK25B3,3,8,2.711546358
H01,MK01,B4,MK01B4,4,7,0
H01,MK02,B4,MK02B4,4,3,11.22962119
H01,MK03,B4,MK03B4,4,2,4.709633597
H01,MK04,B4,MK04B4,4,23,5.613489394
H01,MK05,B4,MK05B4,4,15,5.038143939
H01,MK06,B4,MK06B4,4,24,1.836869312
H01,MK07,B4,MK07B4,4,16,1.202964291
H01,MK08,B4,MK08B4,4,4,1.607436284
H01,MK09,B4,MK09B4,4,20,0.447158873
H01,MK10,B4,MK10B4,4,21,0.715183839
H01,MK11,B4,MK11B4,4,9,1.025496587
H01,MK12,B4,MK12B4,4,10,8.245314815
H01,MK13,B4,MK13B4,4,11,5.338142985
H01,MK14,B4,MK14B4,4,1,3.311509793
H01,MK15,B4,MK15B4,4,18,1.638504521
H01,MK16,B4,MK16B4,4,6,1.339017725
H01,MK17,B4,MK17B4,4,14,5.119349451
H01,MK18,B4,MK18B4,4,19,3.230915344
H01,MK19,B4,MK19B4,4,8,5.408637227
H01,MK20,B4,MK20B4,4,12,7.890808081
H01,MK21,B4,MK21B4,4,5,11.20632242
H01,MK22,B4,MK22B4,4,25,0
H01,MK23,B4,MK23B4,4,13,5.818841269
H01,MK24,B4,MK24B4,4,17,6.800331788
H01,MK25,B4,MK25B4,4,22,4.067319537
H01,MK01,B5,MK01B5,5,9,2.236011905
H01,MK02,B5,MK02B5,5,10,0.647862761
H01,MK03,B5,MK03B5,5,8,3.767706879
H01,MK04,B5,MK04B5,5,6,5.145698612
H01,MK05,B5,MK05B5,5,24,2.015257575
H01,MK06,B5,MK06B5,5,15,0
H01,MK07,B5,MK07B5,5,12,4.410869068
H01,MK08,B5,MK08B5,5,25,2.679060474
H01,MK09,B5,MK09B5,5,23,0
H01,MK10,B5,MK10B5,5,7,4.29110303
H01,MK11,B5,MK11B5,5,20,0
H01,MK12,B5,MK12B5,5,13,5.496876543
H01,MK13,B5,MK13B5,5,14,4.270514389
H01,MK14,B5,MK14B5,5,22,2.838436966
H01,MK15,B5,MK15B5,5,18,2.867382912
H01,MK16,B5,MK16B5,5,19,0
H01,MK17,B5,MK17B5,5,11,2.559674725
H01,MK18,B5,MK18B5,5,17,0.861577425
H01,MK19,B5,MK19B5,5,2,2.317987383
H01,MK20,B5,MK20B5,5,5,5.523565657
H01,MK21,B5,MK21B5,5,3,3.955172619
H01,MK22,B5,MK22B5,5,4,0.744547619
H01,MK23,B5,MK23B5,5,1,9.399666667
H01,MK24,B5,MK24B5,5,21,1.27506221
H01,MK25,B5,MK25B5,5,16,2.711546358
H02,MK01,B1,MK01B1,1,13,4.024821429
H02,MK02,B1,MK02B1,1,1,6.478627611
H02,MK03,B1,MK03B1,1,18,7.064450397
H02,MK04,B1,MK04B1,1,9,7.952443309
H02,MK05,B1,MK05B1,1,10,13.60298864
H02,MK06,B1,MK06B1,1,16,12.85808518
H02,MK07,B1,MK07B1,1,22,8.019761942
H02,MK08,B1,MK08B1,1,20,5.893933042
H02,MK09,B1,MK09B1,1,23,6.707383098
H02,MK10,B1,MK10B1,1,4,3.575919192
H02,MK11,B1,MK11B1,1,3,6.922101961
H02,MK12,B1,MK12B1,1,19,3.84781358
H02,MK13,B1,MK13B1,1,24,9.608657374
H02,MK14,B1,MK14B1,1,14,7.096092415
H02,MK15,B1,MK15B1,1,7,8.192522607
H02,MK16,B1,MK16B1,1,6,3.570713933
H02,MK17,B1,MK17B1,1,2,4.266124542
H02,MK18,B1,MK18B1,1,25,6.461830688
H02,MK19,B1,MK19B1,1,21,12.36259938
H02,MK20,B1,MK20B1,1,5,6.312646464
H02,MK21,B1,MK21B1,1,8,1.757854497
H02,MK22,B1,MK22B1,1,17,2.978190477
H02,MK23,B1,MK23B1,1,15,6.266444445
H02,MK24,B1,MK24B1,1,11,16.57580873
H02,MK25,B1,MK25B1,1,12,7.230790288
H02,MK01,B2,MK01B2,2,20,2.683214286
H02,MK02,B2,MK02B2,2,2,8.20626164
H02,MK03,B2,MK03B2,2,3,12.71601071
H02,MK04,B2,MK04B2,2,11,8.420234091
H02,MK05,B2,MK05B2,2,15,10.58010227
H02,MK06,B2,MK06B2,2,18,8.265911905
H02,MK07,B2,MK07B2,2,22,4.410869068
H02,MK08,B2,MK08B2,2,19,9.10880561
H02,MK09,B2,MK09B2,2,13,4.024429859
H02,MK10,B2,MK10B2,2,9,6.794246464
H02,MK11,B2,MK11B2,2,10,2.563741467
H02,MK12,B2,MK12B2,2,12,8.245314815
H02,MK13,B2,MK13B2,2,7,6.405771582
H02,MK14,B2,MK14B2,2,5,6.623019587
H02,MK15,B2,MK15B2,2,17,6.963644216
H02,MK16,B2,MK16B2,2,14,4.463392416
H02,MK17,B2,MK17B2,2,16,0
H02,MK18,B2,MK18B2,2,25,9.046562963
H02,MK19,B2,MK19B2,2,21,7.340293379
H02,MK20,B2,MK20B2,2,1,11.83621212
H02,MK21,B2,MK21B2,2,4,12.52471329
H02,MK22,B2,MK22B2,2,23,2.233642857
H02,MK23,B2,MK23B2,2,6,8.056857143
H02,MK24,B2,MK24B2,2,8,16.150788
H02,MK25,B2,MK25B2,2,24,4.067319537
H02,MK01,B3,MK01B3,3,10,1.788809523
H02,MK02,B3,MK02B3,3,16,6.478627611
H02,MK03,B3,MK03B3,3,11,11.77408399
H02,MK04,B3,MK04B3,3,20,8.420234091
H02,MK05,B3,MK05B3,3,3,5.038143939
H02,MK06,B3,MK06B3,3,14,7.347477248
H02,MK07,B3,MK07B3,3,13,4.410869068
H02,MK08,B3,MK08B3,3,2,4.822308852
H02,MK09,B3,MK09B3,3,1,0.894317747
H02,MK10,B3,MK10B3,3,6,2.860735354
H02,MK11,B3,MK11B3,3,17,0
H02,MK12,B3,MK12B3,3,9,8.245314815
H02,MK13,B3,MK13B3,3,19,2.669071493
H02,MK14,B3,MK14B3,3,24,7.805701656
H02,MK15,B3,MK15B3,3,4,11.05990552
H02,MK16,B3,MK16B3,3,21,0.892678484
H02,MK17,B3,MK17B3,3,18,1.919756044
H02,MK18,B3,MK18B3,3,12,5.600253262
H02,MK19,B3,MK19B3,3,7,13.9079243
H02,MK20,B3,MK20B3,3,5,10.25805051
H02,MK21,B3,MK21B3,3,15,11.42605423
H02,MK22,B3,MK22B3,3,25,0.558410714
H02,MK23,B3,MK23B3,3,23,5.818841269
H02,MK24,B3,MK24B3,3,22,11.90058063
H02,MK25,B3,MK25B3,3,8,6.326941502
H02,MK01,B4,MK01B4,4,7,8.720446429
H02,MK02,B4,MK02B4,4,3,13.38916372
H02,MK03,B4,MK03B4,4,2,8.477340476
H02,MK04,B4,MK04B4,4,23,9.823606439
H02,MK05,B4,MK05B4,4,15,10.58010227
H02,MK06,B4,MK06B4,4,24,5.969825264
H02,MK07,B4,MK07B4,4,16,6.415809553
H02,MK08,B4,MK08B4,4,4,3.750684662
H02,MK09,B4,MK09B4,4,20,4.471588732
H02,MK10,B4,MK10B4,4,21,6.436654545
H02,MK11,B4,MK11B4,4,9,1.53824488
H02,MK12,B4,MK12B4,4,10,9.344690124
H02,MK13,B4,MK13B4,4,11,5.338142985
H02,MK14,B4,MK14B4,4,1,10.40760221
H02,MK15,B4,MK15B4,4,18,5.734765825
H02,MK16,B4,MK16B4,4,6,3.570713933
H02,MK17,B4,MK17B4,4,14,4.266124542
H02,MK18,B4,MK18B4,4,19,4.523281481
H02,MK19,B4,MK19B4,4,8,13.52159307
H02,MK20,B4,MK20B4,4,12,13.80891415
H02,MK21,B4,MK21B4,4,5,15.16149504
H02,MK22,B4,MK22B4,4,25,0.372273809
H02,MK23,B4,MK23B4,4,13,6.266444445
H02,MK24,B4,MK24B4,4,17,6.800331788
H02,MK25,B4,MK25B4,4,22,13.55773179
H02,MK01,B5,MK01B5,5,9,7.602440477
H02,MK02,B5,MK02B5,5,10,12.30939246
H02,MK03,B5,MK03B5,5,8,13.65793743
H02,MK04,B5,MK04B5,5,6,4.677907828
H02,MK05,B5,MK05B5,5,24,4.030515152
H02,MK06,B5,MK06B5,5,15,7.347477248
H02,MK07,B5,MK07B5,5,12,5.61383336
H02,MK08,B5,MK08B5,5,25,13.93111446
H02,MK09,B5,MK09B5,5,23,5.365906479
H02,MK10,B5,MK10B5,5,7,7.509430303
H02,MK11,B5,MK11B5,5,20,7.691224401
H02,MK12,B5,MK12B5,5,13,14.29187901
H02,MK13,B5,MK13B5,5,14,2.135257194
H02,MK14,B5,MK14B5,5,22,13.719112
H02,MK15,B5,MK15B5,5,18,4.915513564
H02,MK16,B5,MK16B5,5,19,0
H02,MK17,B5,MK17B5,5,11,2.133062271
H02,MK18,B5,MK18B5,5,17,3.015520987
H02,MK19,B5,MK19B5,5,2,9.658280762
H02,MK20,B5,MK20B5,5,5,4.339944445
H02,MK21,B5,MK21B5,5,3,6.591954365
H02,MK22,B5,MK22B5,5,4,0.744547619
H02,MK23,B5,MK23B5,5,1,5.818841269
H02,MK24,B5,MK24B5,5,21,5.100248841
H02,MK25,B5,MK25B5,5,16,3.615395144
H03,MK01,B1,MK01B1,1,13,6.037232143
H03,MK02,B1,MK02B1,1,1,14.25298074
H03,MK03,B1,MK03B1,1,18,6.593487038
H03,MK04,B1,MK04B1,1,9,18.24384053
H03,MK05,B1,MK05B1,1,10,12.09154545
H03,MK06,B1,MK06B1,1,16,12.85808518
H03,MK07,B1,MK07B1,1,22,10.82667862
H03,MK08,B1,MK08B1,1,20,17.14598704
H03,MK09,B1,MK09B1,1,23,3.577270986
H03,MK10,B1,MK10B1,1,4,2.860735354
H03,MK11,B1,MK11B1,1,3,2.30736732
H03,MK12,B1,MK12B1,1,19,7.695627161
H03,MK13,B1,MK13B1,1,24,9.074843076
H03,MK14,B1,MK14B1,1,14,15.61140331
H03,MK15,B1,MK15B1,1,7,5.734765825
H03,MK16,B1,MK16B1,1,6,4.909731658
H03,MK17,B1,MK17B1,1,2,10.2386989
H03,MK18,B1,MK18B1,1,25,3.015520987
H03,MK19,B1,MK19B1,1,21,13.52159307
H03,MK20,B1,MK20B1,1,5,12.23075252
H03,MK21,B1,MK21B1,1,8,6.152490741
H03,MK22,B1,MK22B1,1,17,13.40185714
H03,MK23,B1,MK23B1,1,15,17.00892064
H03,MK24,B1,MK24B1,1,11,21.25103684
H03,MK25,B1,MK25B1,1,12,9.490412253
H03,MK01,B2,MK01B2,2,20,2.683214286
H03,MK02,B2,MK02B2,2,2,6.910536118
H03,MK03,B2,MK03B2,2,3,7.535413756
H03,MK04,B2,MK04B2,2,11,14.50151426
H03,MK05,B2,MK05B2,2,15,9.068659091
H03,MK06,B2,MK06B2,2,18,18.82791045
H03,MK07,B2,MK07B2,2,22,4.811857165
H03,MK08,B2,MK08B2,2,19,10.1804298
H03,MK09,B2,MK09B2,2,13,1.34147662
H03,MK10,B2,MK10B2,2,9,7.151838384
H03,MK11,B2,MK11B2,2,10,3.589238053
H03,MK12,B2,MK12B2,2,12,3.298125926
H03,MK13,B2,MK13B2,2,7,4.003607239
H03,MK14,B2,MK14B2,2,5,17.50369462
H03,MK15,B2,MK15B2,2,17,11.05990552
H03,MK16,B2,MK16B2,2,14,8.034106349
H03,MK17,B2,MK17B2,2,16,6.399186813
H03,MK18,B2,MK18B2,2,25,5.16946455
H03,MK19,B2,MK19B2,2,21,10.43094322
H03,MK20,B2,MK20B2,2,1,31.16869192
H03,MK21,B2,MK21B2,2,4,5.273563492
H03,MK22,B2,MK22B2,2,23,5.956380952
H03,MK23,B2,MK23B2,2,6,4.028428571
H03,MK24,B2,MK24B2,2,8,20.8260161
H03,MK25,B2,MK25B2,2,24,9.942336646
H03,MK01,B3,MK01B3,3,10,5.366428571
H03,MK02,B3,MK02B3,3,16,11.22962119
H03,MK03,B3,MK03B3,3,11,21.66431455
H03,MK04,B3,MK04B3,3,20,7.952443309
H03,MK05,B3,MK05B3,3,3,17.12968939
H03,MK06,B3,MK06B3,3,14,26.63460502
H03,MK07,B3,MK07B3,3,13,4.00988097
H03,MK08,B3,MK08B3,3,2,24.11154426
H03,MK09,B3,MK09B3,3,1,5.365906479
H03,MK10,B3,MK10B3,3,6,3.218327273
H03,MK11,B3,MK11B3,3,17,3.07648976
H03,MK12,B3,MK12B3,3,9,5.77172037
H03,MK13,B3,MK13B3,3,19,7.47340018
H03,MK14,B3,MK14B3,3,24,13.48257559
H03,MK15,B3,MK15B3,3,4,18.84280199
H03,MK16,B3,MK16B3,3,21,1.785356966
H03,MK17,B3,MK17B3,3,18,1.919756044
H03,MK18,B3,MK18B3,3,12,10.76971781
H03,MK19,B3,MK19B3,3,7,11.20360568
H03,MK20,B3,MK20B3,3,5,15.38707576
H03,MK21,B3,MK21B3,3,15,9.668199735
H03,MK22,B3,MK22B3,3,25,0
H03,MK23,B3,MK23B3,3,23,4.476031746
H03,MK24,B3,MK24B3,3,22,11.90058063
H03,MK25,B3,MK25B3,3,8,17.17312694
H03,MK01,B4,MK01B4,4,7,6.037232143
H03,MK02,B4,MK02B4,4,3,19.86779134
H03,MK03,B4,MK03B4,4,2,14.12890079
H03,MK04,B4,MK04B4,4,23,15.90488661
H03,MK05,B4,MK05B4,4,15,12.59535985
H03,MK06,B4,MK06B4,4,24,19.7463451
H03,MK07,B4,MK07B4,4,16,6.014821456
H03,MK08,B4,MK08B4,4,4,9.10880561
H03,MK09,B4,MK09B4,4,20,12.96760732
H03,MK10,B4,MK10B4,4,21,8.582206061
H03,MK11,B4,MK11B4,4,9,16.92069368
H03,MK12,B4,MK12B4,4,10,9.894377778
H03,MK13,B4,MK13B4,4,11,17.61587185
H03,MK14,B4,MK14B4,4,1,13.24603917
H03,MK15,B4,MK15B4,4,18,7.373270346
H03,MK16,B4,MK16B4,4,6,7.141427866
H03,MK17,B4,MK17B4,4,14,15.35804835
H03,MK18,B4,MK18B4,4,19,1.938549206
H03,MK19,B4,MK19B4,4,8,11.97626814
H03,MK20,B4,MK20B4,4,12,6.312646464
H03,MK21,B4,MK21B4,4,5,9.228736111
H03,MK22,B4,MK22B4,4,25,3.722738095
H03,MK23,B4,MK23B4,4,13,8.504460317
H03,MK24,B4,MK24B4,4,17,13.17564284
H03,MK25,B4,MK25B4,4,22,15.81735376
H03,MK01,B5,MK01B5,5,9,21.01851191
H03,MK02,B5,MK02B5,5,10,9.070078655
H03,MK03,B5,MK03B5,5,8,21.19335119
H03,MK04,B5,MK04B5,5,6,13.09814192
H03,MK05,B5,MK05B5,5,24,3.022886364
H03,MK06,B5,MK06B5,5,15,18.36869312
H03,MK07,B5,MK07B5,5,12,12.02964291
H03,MK08,B5,MK08B5,5,25,11.25205399
H03,MK09,B5,MK09B5,5,23,14.75624282
H03,MK10,B5,MK10B5,5,7,4.648694949
H03,MK11,B5,MK11B5,5,20,3.8456122
H03,MK12,B5,MK12B5,5,13,19.23906791
H03,MK13,B5,MK13B5,5,14,10.14247167
H03,MK14,B5,MK14B5,5,22,13.719112
H03,MK15,B5,MK15B5,5,18,12.69841004
H03,MK16,B5,MK16B5,5,19,7.141427866
H03,MK17,B5,MK17B5,5,11,4.692736997
H03,MK18,B5,MK18B5,5,17,6.031041976
H03,MK19,B5,MK19B5,5,2,18.93023029
H03,MK20,B5,MK20B5,5,5,14.20345455
H03,MK21,B5,MK21B5,5,3,12.74444511
H03,MK22,B5,MK22B5,5,4,2.605916666
H03,MK23,B5,MK23B5,5,1,28.64660317
H03,MK24,B5,MK24B5,5,21,9.350456209
H03,MK25,B5,MK25B5,5,16,6.326941502
H04,MK01,B1,MK01B1,1,13,18.11169643
H04,MK02,B1,MK02B1,1,1,41.89512521
H04,MK03,B1,MK03B1,1,18,20.25142447
H04,MK04,B1,MK04B1,1,9,46.77907828
H04,MK05,B1,MK05B1,1,10,29.22123484
H04,MK06,B1,MK06B1,1,16,11.4804332
H04,MK07,B1,MK07B1,1,22,23.65829773
H04,MK08,B1,MK08B1,1,20,38.57847082
H04,MK09,B1,MK09B1,1,23,7.601700845
H04,MK10,B1,MK10B1,1,4,21.09792324
H04,MK11,B1,MK11B1,1,3,30.7648976
H04,MK12,B1,MK12B1,1,19,34.08063457
H04,MK13,B1,MK13B1,1,24,30.96122931
H04,MK14,B1,MK14B1,1,14,22.2344229
H04,MK15,B1,MK15B1,1,7,21.71018491
H04,MK16,B1,MK16B1,1,6,16.96089119
H04,MK17,B1,MK17B1,1,2,30.7160967
H04,MK18,B1,MK18B1,1,25,15.50839365
H04,MK19,B1,MK19B1,1,21,30.13383598
H04,MK20,B1,MK20B1,1,5,18.14885858
H04,MK21,B1,MK21B1,1,8,8.789272487
H04,MK22,B1,MK22B1,1,17,34.24919048
H04,MK23,B1,MK23B1,1,15,28.64660317
H04,MK24,B1,MK24B1,1,11,38.25186631
H04,MK25,B1,MK25B1,1,12,37.05780022
H04,MK01,B2,MK01B2,2,20,28.84455357
H04,MK02,B2,MK02B2,2,2,32.39313805
H04,MK03,B2,MK03B2,2,3,26.84491151
H04,MK04,B2,MK04B2,2,11,38.82663498
H04,MK05,B2,MK05B2,2,15,17.63350379
H04,MK06,B2,MK06B2,2,18,27.09382236
H04,MK07,B2,MK07B2,2,22,25.66323821
H04,MK08,B2,MK08B2,2,19,18.21761121
H04,MK09,B2,MK09B2,2,13,9.390336338
H04,MK10,B2,MK10B2,2,9,27.17698586
H04,MK11,B2,MK11B2,2,10,28.20115613
H04,MK12,B2,MK12B2,2,12,9.894377778
H04,MK13,B2,MK13B2,2,7,16.8151504
H04,MK14,B2,MK14B2,2,5,23.18056855
H04,MK15,B2,MK15B2,2,17,21.71018491
H04,MK16,B2,MK16B2,2,14,31.69008616
H04,MK17,B2,MK17B2,2,16,27.30319707
H04,MK18,B2,MK18B2,2,25,23.26259048
H04,MK19,B2,MK19B2,2,21,30.13383598
H04,MK20,B2,MK20B2,2,1,49.31755051
H04,MK21,B2,MK21B2,2,4,18.45747222
H04,MK22,B2,MK22B2,2,23,15.6355
H04,MK23,B2,MK23B2,2,6,22.38015873
H04,MK24,B2,MK24B2,2,8,40.37697
H04,MK25,B2,MK25B2,2,24,32.08663191
H04,MK01,B3,MK01B3,3,10,19.22970238
H04,MK02,B3,MK02B3,3,16,41.03130821
H04,MK03,B3,MK03B3,3,11,23.07720462
H04,MK04,B3,MK04B3,3,20,29.47081932
H04,MK05,B3,MK05B3,3,3,26.70216288
H04,MK06,B3,MK06B3,3,14,36.27816891
H04,MK07,B3,MK07B3,3,13,36.08892874
H04,MK08,B3,MK08B3,3,2,30.5412894
H04,MK09,B3,MK09B3,3,1,35.77270986
H04,MK10,B3,MK10B3,3,6,19.66755555
H04,MK11,B3,MK11B3,3,17,10.76771416
H04,MK12,B3,MK12B3,3,9,21.43781852
H04,MK13,B3,MK13B3,3,19,29.35978641
H04,MK14,B3,MK14B3,3,24,30.51319738
H04,MK15,B3,MK15B3,3,4,36.04709947
H04,MK16,B3,MK16B3,3,21,7.141427866
H04,MK17,B3,MK17B3,3,18,19.19756044
H04,MK18,B3,MK18B3,3,12,18.52391463
H04,MK19,B3,MK19B3,3,7,27.04318613
H04,MK20,B3,MK20B3,3,5,40.24312121
H04,MK21,B3,MK21B3,3,15,24.60996297
H04,MK22,B3,MK22B3,3,25,24.57007143
H04,MK23,B3,MK23B3,3,23,21.48495238
H04,MK24,B3,MK24B3,3,22,32.72659674
H04,MK25,B3,MK25B3,3,8,40.67319537
H04,MK01,B4,MK01B4,4,7,19.45330357
H04,MK02,B4,MK02B4,4,3,24.18687642
H04,MK03,B4,MK03B4,4,2,35.32225198
H04,MK04,B4,MK04B4,4,23,30.40640089
H04,MK05,B4,MK05B4,4,15,14.61061742
H04,MK06,B4,MK06B4,4,24,21.12399709
H04,MK07,B4,MK07B4,4,16,23.25730963
H04,MK08,B4,MK08B4,4,4,39.65009501
H04,MK09,B4,MK09B4,4,20,25.48805577
H04,MK10,B4,MK10B4,4,21,21.45551515
H04,MK11,B4,MK11B4,4,9,14.86970051
H04,MK12,B4,MK12B4,4,10,49.47188889
H04,MK13,B4,MK13B4,4,11,29.35978641
H04,MK14,B4,MK14B4,4,1,22.70749573
H04,MK15,B4,MK15B4,4,18,20.07168038
H04,MK16,B4,MK16B4,4,6,28.56571146
H04,MK17,B4,MK17B4,4,14,26.0233597
H04,MK18,B4,MK18B4,4,19,16.15457672
H04,MK19,B4,MK19B4,4,8,24.72519875
H04,MK20,B4,MK20B4,4,12,38.27041919
H04,MK21,B4,MK21B4,4,5,11.20632242
H04,MK22,B4,MK22B4,4,25,7.81775
H04,MK23,B4,MK23B4,4,13,40.28428571
H04,MK24,B4,MK24B4,4,17,25.50124421
H04,MK25,B4,MK25B4,4,22,37.50972462
H04,MK01,B5,MK01B5,5,9,29.51535714
H04,MK02,B5,MK02B5,5,10,33.04100081
H04,MK03,B5,MK03B5,5,8,39.08995887
H04,MK04,B5,MK04B5,5,6,62.6839649
H04,MK05,B5,MK05B5,5,24,42.32040909
H04,MK06,B5,MK06B5,5,15,17.90947579
H04,MK07,B5,MK07B5,5,12,21.65335724
H04,MK08,B5,MK08B5,5,25,32.68453777
H04,MK09,B5,MK09B5,5,23,44.26872845
H04,MK10,B5,MK10B5,5,7,31.82568081
H04,MK11,B5,MK11B5,5,20,48.45471373
H04,MK12,B5,MK12B5,5,13,31.3321963
H04,MK13,B5,MK13B5,5,14,43.77277248
H04,MK14,B5,MK14B5,5,22,17.97676745
H04,MK15,B5,MK15B5,5,18,18.02354974
H04,MK16,B5,MK16B5,5,19,30.35106843
H04,MK17,B5,MK17B5,5,11,26.87658462
H04,MK18,B5,MK18B5,5,17,15.50839365
H04,MK19,B5,MK19B5,5,2,32.45182336
H04,MK20,B5,MK20B5,5,5,45.37214646
H04,MK21,B5,MK21B5,5,3,21.97318122
H04,MK22,B5,MK22B5,5,4,23.45325
H04,MK23,B5,MK23B5,5,1,35.36065079
H04,MK24,B5,MK24B5,5,21,20.8260161
H04,MK25,B5,MK25B5,5,16,30.27893433
H05,MK01,B1,MK01B1,1,13,28.84455357
H05,MK02,B1,MK02B1,1,1,28.07405298
H05,MK03,B1,MK03B1,1,18,23.54816799
H05,MK04,B1,MK04B1,1,9,27.59965619
H05,MK05,B1,MK05B1,1,10,27.20597727
H05,MK06,B1,MK06B1,1,16,16.99104113
H05,MK07,B1,MK07B1,1,22,20.85138104
H05,MK08,B1,MK08B1,1,20,28.39804102
H05,MK09,B1,MK09B1,1,23,8.496018591
H05,MK10,B1,MK10B1,1,4,21.09792324
H05,MK11,B1,MK11B1,1,3,36.14875468
H05,MK12,B1,MK12B1,1,19,33.53094691
H05,MK13,B1,MK13B1,1,24,37.36700089
H05,MK14,B1,MK14B1,1,14,26.96515118
H05,MK15,B1,MK15B1,1,7,20.48130652
H05,MK16,B1,MK16B1,1,6,9.373124074
H05,MK17,B1,MK17B1,1,2,23.89029744
H05,MK18,B1,MK18B1,1,25,13.35445008
H05,MK19,B1,MK19B1,1,21,27.8158486
H05,MK20,B1,MK20B1,1,5,36.69225758
H05,MK21,B1,MK21B1,1,8,9.228736111
H05,MK22,B1,MK22B1,1,17,20.47505952
H05,MK23,B1,MK23B1,1,15,34.91304762
H05,MK24,B1,MK24B1,1,11,19.12593316
H05,MK25,B1,MK25B1,1,12,14.91350497
H05,MK01,B2,MK01B2,2,20,12.07446429
H05,MK02,B2,MK02B2,2,2,25.91451044
H05,MK03,B2,MK03B2,2,3,33.9093619
H05,MK04,B2,MK04B2,2,11,33.68093636
H05,MK05,B2,MK05B2,2,15,30.22886364
H05,MK06,B2,MK06B2,2,18,30.30834365
H05,MK07,B2,MK07B2,2,22,28.87114299
H05,MK08,B2,MK08B2,2,19,33.22034988
H05,MK09,B2,MK09B2,2,13,24.14657915
H05,MK10,B2,MK10B2,2,9,25.74661818
H05,MK11,B2,MK11B2,2,10,24.61191808
H05,MK12,B2,MK12B2,2,12,1.649062963
H05,MK13,B2,MK13B2,2,7,35.2317437
H05,MK14,B2,MK14B2,2,5,33.11509793
H05,MK15,B2,MK15B2,2,17,20.89093265
H05,MK16,B2,MK16B2,2,14,12.49749876
H05,MK17,B2,MK17B2,2,16,12.37176117
H05,MK18,B2,MK18B2,2,25,12.92366138
H05,MK19,B2,MK19B2,2,21,13.52159307
H05,MK20,B2,MK20B2,2,1,35.11409596
H05,MK21,B2,MK21B2,2,4,16.47988591
H05,MK22,B2,MK22B2,2,23,11.54048809
H05,MK23,B2,MK23B2,2,6,17.90412698
H05,MK24,B2,MK24B2,2,8,24.226182
H05,MK25,B2,MK25B2,2,24,27.56738797
H05,MK01,B3,MK01B3,3,10,27.27934523
H05,MK02,B3,MK02B3,3,16,26.34641895
H05,MK03,B3,MK03B3,3,11,20.72238784
H05,MK04,B3,MK04B3,3,20,16.3726774
H05,MK05,B3,MK05B3,3,3,19.14494697
H05,MK06,B3,MK06B3,3,14,31.22677831
H05,MK07,B3,MK07B3,3,13,29.67311919
H05,MK08,B3,MK08B3,3,2,39.38218896
H05,MK09,B3,MK09B3,3,1,25.48805577
H05,MK10,B3,MK10B3,3,6,20.74033131
H05,MK11,B3,MK11B3,3,17,14.86970051
H05,MK12,B3,MK12B3,3,9,37.10391667
H05,MK13,B3,MK13B3,3,19,14.41298606
H05,MK14,B3,MK14B3,3,24,29.0939789
H05,MK15,B3,MK15B3,3,4,27.44495073
H05,MK16,B3,MK16B3,3,21,16.51455194
H05,MK17,B3,MK17B3,3,18,21.75723516
H05,MK18,B3,MK18B3,3,12,11.63129524
H05,MK19,B3,MK19B3,3,7,41.33744167
H05,MK20,B3,MK20B3,3,5,39.84858081
H05,MK21,B3,MK21B3,3,15,24.17049933
H05,MK22,B3,MK22B3,3,25,8.376160714
H05,MK23,B3,MK23B3,3,23,16.56131746
H05,MK24,B3,MK24B3,3,22,27.62634789
H05,MK25,B3,MK25B3,3,8,31.63470751
H05,MK01,B4,MK01B4,4,7,21.46571429
H05,MK02,B4,MK02B4,4,3,31.52932103
H05,MK03,B4,MK03B4,4,2,34.38032526
H05,MK04,B4,MK04B4,4,23,21.05058523
H05,MK05,B4,MK05B4,4,15,21.66401893
H05,MK06,B4,MK06B4,4,24,15.61338915
H05,MK07,B4,MK07B4,4,16,17.24248817
H05,MK08,B4,MK08B4,4,4,39.65009501
H05,MK09,B4,MK09B4,4,20,16.99203719
H05,MK10,B4,MK10B4,4,21,16.80682021
H05,MK11,B4,MK11B4,4,9,34.35413565
H05,MK12,B4,MK12B4,4,10,33.53094691
H05,MK13,B4,MK13B4,4,11,26.15690062
H05,MK14,B4,MK14B4,4,1,12.29989352
H05,MK15,B4,MK15B4,4,18,13.10803618
H05,MK16,B4,MK16B4,4,6,19.63892664
H05,MK17,B4,MK17B4,4,14,14.9314359
H05,MK18,B4,MK18B4,4,19,18.09312593
H05,MK19,B4,MK19B4,4,8,26.27052368
H05,MK20,B4,MK20B4,4,12,14.99253536
H05,MK21,B4,MK21B4,4,5,15.82069048
H05,MK22,B4,MK22B4,4,25,7.81775
H05,MK23,B4,MK23B4,4,13,18.35173016
H05,MK24,B4,MK24B4,4,17,14.87572579
H05,MK25,B4,MK25B4,4,22,22.59621965
H05,MK01,B5,MK01B5,5,9,20.12410714
H05,MK02,B5,MK02B5,5,10,25.26664768
H05,MK03,B5,MK03B5,5,8,14.12890079
H05,MK04,B5,MK04B5,5,6,29.00302854
H05,MK05,B5,MK05B5,5,24,23.17546212
H05,MK06,B5,MK06B5,5,15,18.36869312
H05,MK07,B5,MK07B5,5,12,13.2326072
H05,MK08,B5,MK08B5,5,25,23.57573217
H05,MK09,B5,MK09B5,5,23,21.46362591
H05,MK10,B5,MK10B5,5,7,22.52829091
H05,MK11,B5,MK11B5,5,20,8.460346841
H05,MK12,B5,MK12B5,5,13,32.98125926
H05,MK13,B5,MK13B5,5,14,34.1641151
H05,MK14,B5,MK14B5,5,22,26.96515118
H05,MK15,B5,MK15B5,5,18,14.33691457
H05,MK16,B5,MK16B5,5,19,3.570713933
H05,MK17,B5,MK17B5,5,11,3.412899634
H05,MK18,B5,MK18B5,5,17,10.76971781
H05,MK19,B5,MK19B5,5,2,22.40721137
H05,MK20,B5,MK20B5,5,5,22.48880303
H05,MK21,B5,MK21B5,5,3,25.48889021
H05,MK22,B5,MK22B5,5,4,20.84733334
H05,MK23,B5,MK23B5,5,1,30.43701588
H05,MK24,B5,MK24B5,5,21,26.35128568
H05,MK25,B5,MK25B5,5,16,32.08663191
H06,MK01,B1,MK01B1,1,13,16.54648809
H06,MK02,B1,MK02B1,1,1,9.501987162
H06,MK03,B1,MK03B1,1,18,7.064450397
H06,MK04,B1,MK04B1,1,9,21.51837601
H06,MK05,B1,MK05B1,1,10,11.58773106
H06,MK06,B1,MK06B1,1,16,24.33851839
H06,MK07,B1,MK07B1,1,22,12.02964291
H06,MK08,B1,MK08B1,1,20,22.50410798
H06,MK09,B1,MK09B1,1,23,11.6261307
H06,MK10,B1,MK10B1,1,4,2.503143434
H06,MK11,B1,MK11B1,1,3,21.53542832
H06,MK12,B1,MK12B1,1,19,13.74219136
H06,MK13,B1,MK13B1,1,24,26.69071493
H06,MK14,B1,MK14B1,1,14,25.07285987
H06,MK15,B1,MK15B1,1,7,15.56579296
H06,MK16,B1,MK16B1,1,6,12.05115952
H06,MK17,B1,MK17B1,1,2,16.21127326
H06,MK18,B1,MK18B1,1,25,20.24706949
H06,MK19,B1,MK19B1,1,21,25.49786121
H06,MK20,B1,MK20B1,1,5,20.91064142
H06,MK21,B1,MK21B1,1,8,10.54712698
H06,MK22,B1,MK22B1,1,17,23.45325
H06,MK23,B1,MK23B1,1,15,7.161650793
H06,MK24,B1,MK24B1,1,11,22.95111979
H06,MK25,B1,MK25B1,1,12,15.81735376
H06,MK01,B2,MK01B2,2,20,14.086875
H06,MK02,B2,MK02B2,2,2,9.93389567
H06,MK03,B2,MK03B2,2,3,14.59986415
H06,MK04,B2,MK04B2,2,11,26.19628384
H06,MK05,B2,MK05B2,2,15,29.72504925
H06,MK06,B2,MK06B2,2,18,17.90947579
H06,MK07,B2,MK07B2,2,22,28.26966084
H06,MK08,B2,MK08B2,2,19,15.53855075
H06,MK09,B2,MK09B2,2,13,19.45141099
H06,MK10,B2,MK10B2,2,9,10.72775758
H06,MK11,B2,MK11B2,2,10,9.742217574
H06,MK12,B2,MK12B2,2,12,8.245314815
H06,MK13,B2,MK13B2,2,7,28.02525067
H06,MK14,B2,MK14B2,2,5,23.65364139
H06,MK15,B2,MK15B2,2,17,18.84280199
H06,MK16,B2,MK16B2,2,14,10.26580256
H06,MK17,B2,MK17B2,2,16,6.399186813
H06,MK18,B2,MK18B2,2,25,23.26259048
H06,MK19,B2,MK19B2,2,21,28.58851106
H06,MK20,B2,MK20B2,2,1,27.22328788
H06,MK21,B2,MK21B2,2,4,21.7534494
H06,MK22,B2,MK22B2,2,23,8.934571429
H06,MK23,B2,MK23B2,2,6,10.74247619
H06,MK24,B2,MK24B2,2,8,8.500414736
H06,MK25,B2,MK25B2,2,24,17.62505133
H06,MK01,B3,MK01B3,3,10,14.31047619
H06,MK02,B3,MK02B3,3,16,25.05069342
H06,MK03,B3,MK03B3,3,11,28.72876494
H06,MK04,B3,MK04B3,3,20,22.92174835
H06,MK05,B3,MK05B3,3,3,22.67164773
H06,MK06,B3,MK06B3,3,14,30.76756097
H06,MK07,B3,MK07B3,3,13,18.04446437
H06,MK08,B3,MK08B3,3,2,26.52269869
H06,MK09,B3,MK09B3,3,1,12.07328958
H06,MK10,B3,MK10B3,3,6,15.73404445
H06,MK11,B3,MK11B3,3,17,15.3824488
H06,MK12,B3,MK12B3,3,9,28.85860185
H06,MK13,B3,MK13B3,3,19,21.88638625
H06,MK14,B3,MK14B3,3,24,23.41710497
H06,MK15,B3,MK15B3,3,4,23.34868943
H06,MK16,B3,MK16B3,3,21,4.909731658
H06,MK17,B3,MK17B3,3,18,12.79837363
H06,MK18,B3,MK18B3,3,12,8.184985537
H06,MK19,B3,MK19B3,3,7,43.26909781
H06,MK20,B3,MK20B3,3,5,31.95777273
H06,MK21,B3,MK21B3,3,15,16.2601541
H06,MK22,B3,MK22B3,3,25,12.28503571
H06,MK23,B3,MK23B3,3,23,17.90412698
H06,MK24,B3,MK24B3,3,22,20.40099537
H06,MK25,B3,MK25B3,3,8,23.04814404
H06,MK01,B4,MK01B4,4,7,22.80732143
H06,MK02,B4,MK02B4,4,3,20.73160835
H06,MK03,B4,MK03B4,4,2,14.59986415
H06,MK04,B4,MK04B4,4,23,16.84046818
H06,MK05,B4,MK05B4,4,15,15.11443182
H06,MK06,B4,MK06B4,4,24,5.051390609
H06,MK07,B4,MK07B4,4,16,15.23754769
H06,MK08,B4,MK08B4,4,4,26.79060474
H06,MK09,B4,MK09B4,4,20,16.5448783
H06,MK10,B4,MK10B4,4,21,4.648694949
H06,MK11,B4,MK11B4,4,9,12.81870733
H06,MK12,B4,MK12B4,4,10,29.13344568
H06,MK13,B4,MK13B4,4,11,23.48782914
H06,MK14,B4,MK14B4,4,1,15.61140331
H06,MK15,B4,MK15B4,4,18,15.97541908
H06,MK16,B4,MK16B4,4,6,21.4242836
H06,MK17,B4,MK17B4,4,14,3.412899634
H06,MK18,B4,MK18B4,4,19,3.230915344
H06,MK19,B4,MK19B4,4,8,18.15756784
H06,MK20,B4,MK20B4,4,12,9.863510101
H06,MK21,B4,MK21B4,4,5,16.47988591
H06,MK22,B4,MK22B4,4,25,5.956380952
H06,MK23,B4,MK23B4,4,13,25.51338095
H06,MK24,B4,MK24B4,4,17,27.20132715
H06,MK25,B4,MK25B4,4,22,22.14429525
H06,MK01,B5,MK01B5,5,9,9.838452381
H06,MK02,B5,MK02B5,5,10,18.14015731
H06,MK03,B5,MK03B5,5,8,15.07082752
H06,MK04,B5,MK04B5,5,6,42.56896123
H06,MK05,B5,MK05B5,5,24,16.625875
H06,MK06,B5,MK06B5,5,15,14.6949545
H06,MK07,B5,MK07B5,5,12,10.02470243
H06,MK08,B5,MK08B5,5,25,17.68179912
H06,MK09,B5,MK09B5,5,23,13.86192507
H06,MK10,B5,MK10B5,5,7,17.52200404
H06,MK11,B5,MK11B5,5,20,12.30595904
H06,MK12,B5,MK12B5,5,13,25.83531976
H06,MK13,B5,MK13B5,5,14,16.01442896
H06,MK14,B5,MK14B5,5,22,20.81520442
H06,MK15,B5,MK15B5,5,18,16.38504521
H06,MK16,B5,MK16B5,5,19,10.7121418
H06,MK17,B5,MK17B5,5,11,12.37176117
H06,MK18,B5,MK18B5,5,17,8.615774251
H06,MK19,B5,MK19B5,5,2,11.58993691
H06,MK20,B5,MK20B5,5,5,36.10044697
H06,MK21,B5,MK21B5,5,3,12.74444511
H06,MK22,B5,MK22B5,5,4,2.978190477
H06,MK23,B5,MK23B5,5,1,12.98049206
H06,MK24,B5,MK24B5,5,21,27.62634789
H06,MK25,B5,MK25B5,5,16,9.03848786
H07,MK01,B1,MK01B1,1,13,21.46571429
H07,MK02,B1,MK02B1,1,1,10.79771268
H07,MK03,B1,MK03B1,1,18,20.25142447
H07,MK04,B1,MK04B1,1,9,38.82663498
H07,MK05,B1,MK05B1,1,10,20.65639016
H07,MK06,B1,MK06B1,1,16,25.25695304
H07,MK07,B1,MK07B1,1,22,17.64347628
H07,MK08,B1,MK08B1,1,20,30.00547731
H07,MK09,B1,MK09B1,1,23,21.91078478
H07,MK10,B1,MK10B1,1,4,15.73404445
H07,MK11,B1,MK11B1,1,3,14.61332636
H07,MK12,B1,MK12B1,1,19,28.03407037
H07,MK13,B1,MK13B1,1,24,19.75112904
H07,MK14,B1,MK14B1,1,14,24.12671421
H07,MK15,B1,MK15B1,1,7,28.67382912
H07,MK16,B1,MK16B1,1,6,17.85356966
H07,MK17,B1,MK17B1,1,2,24.31690989
H07,MK18,B1,MK18B1,1,25,9.908140388
H07,MK19,B1,MK19B1,1,21,27.04318613
H07,MK20,B1,MK20B1,1,5,33.14139394
H07,MK21,B1,MK21B1,1,8,18.89693584
H07,MK22,B1,MK22B1,1,17,33.50464286
H07,MK23,B1,MK23B1,1,15,20.14214286
H07,MK24,B1,MK24B1,1,11,25.50124421
H07,MK25,B1,MK25B1,1,12,43.38474173
H07,MK01,B2,MK01B2,2,20,24.14892857
H07,MK02,B2,MK02B2,2,2,22.02733388
H07,MK03,B2,MK03B2,2,3,21.19335119
H07,MK04,B2,MK04B2,2,11,37.89105341
H07,MK05,B2,MK05B2,2,15,45.34329545
H07,MK06,B2,MK06B2,2,18,30.76756097
H07,MK07,B2,MK07B2,2,22,16.24001793
H07,MK08,B2,MK08B2,2,19,7.233463278
H07,MK09,B2,MK09B2,2,13,21.46362591
H07,MK10,B2,MK10B2,2,9,23.60106667
H07,MK11,B2,MK11B2,2,10,18.97168685
H07,MK12,B2,MK12B2,2,12,16.49062963
H07,MK13,B2,MK13B2,2,7,28.02525067
H07,MK14,B2,MK14B2,2,5,22.2344229
H07,MK15,B2,MK15B2,2,17,18.02354974
H07,MK16,B2,MK16B2,2,14,29.01205071
H07,MK17,B2,MK17B2,2,16,15.7846608
H07,MK18,B2,MK18B2,2,25,31.0167873
H07,MK19,B2,MK19B2,2,21,41.72377289
H07,MK20,B2,MK20B2,2,1,22.48880303
H07,MK21,B2,MK21B2,2,4,28.34540377
H07,MK22,B2,MK22B2,2,23,19.35823809
H07,MK23,B2,MK23B2,2,6,13.42809524
H07,MK24,B2,MK24B2,2,8,15.30074652
H07,MK25,B2,MK25B2,2,24,29.82700994
H07,MK01,B3,MK01B3,3,10,19.22970238
H07,MK02,B3,MK02B3,3,16,24.61878492
H07,MK03,B3,MK03B3,3,11,16.4837176
H07,MK04,B3,MK04B3,3,20,44.90791515
H07,MK05,B3,MK05B3,3,3,18.64113257
H07,MK06,B3,MK06B3,3,14,33.52286494
H07,MK07,B3,MK07B3,3,13,18.04446437
H07,MK08,B3,MK08B3,3,2,39.38218896
H07,MK09,B3,MK09B3,3,1,35.32555098
H07,MK10,B3,MK10B3,3,6,17.52200404
H07,MK11,B3,MK11B3,3,17,29.22665272
H07,MK12,B3,MK12B3,3,9,26.38500741
H07,MK13,B3,MK13B3,3,19,33.09648651
H07,MK14,B3,MK14B3,3,24,25.54593269
H07,MK15,B3,MK15B3,3,4,19.66205426
H07,MK16,B3,MK16B3,3,21,17.85356966
H07,MK17,B3,MK17B3,3,18,21.11731648
H07,MK18,B3,MK18B3,3,12,7.754196825
H07,MK19,B3,MK19B3,3,7,32.06549214
H07,MK20,B3,MK20B3,3,5,43.79398485
H07,MK21,B3,MK21B3,3,15,18.45747222
H07,MK22,B3,MK22B3,3,25,13.96026786
H07,MK23,B3,MK23B3,3,23,30.43701588
H07,MK24,B3,MK24B3,3,22,26.77630642
H07,MK25,B3,MK25B3,3,8,52.42322959
H07,MK01,B4,MK01B4,4,7,12.74526786
H07,MK02,B4,MK02B4,4,3,20.73160835
H07,MK03,B4,MK03B4,4,2,20.72238784
H07,MK04,B4,MK04B4,4,23,21.51837601
H07,MK05,B4,MK05B4,4,15,29.72504925
H07,MK06,B4,MK06B4,4,24,7.347477248
H07,MK07,B4,MK07B4,4,16,16.03952388
H07,MK08,B4,MK08B4,4,4,33.22034988
H07,MK09,B4,MK09B4,4,20,37.11418648
H07,MK10,B4,MK10B4,4,21,14.30367676
H07,MK11,B4,MK11B4,4,9,31.7903942
H07,MK12,B4,MK12B4,4,10,45.62407531
H07,MK13,B4,MK13B4,4,11,21.88638625
H07,MK14,B4,MK14B4,4,1,17.03062179
H07,MK15,B4,MK15B4,4,18,13.92728843
H07,MK16,B4,MK16B4,4,6,35.70713933
H07,MK17,B4,MK17B4,4,14,37.11528352
H07,MK18,B4,MK18B4,4,19,10.3389291
H07,MK19,B4,MK19B4,4,8,28.58851106
H07,MK20,B4,MK20B4,4,12,6.707186869
H07,MK21,B4,MK21B4,4,5,11.20632242
H07,MK22,B4,MK22B4,4,25,11.54048809
H07,MK23,B4,MK23B4,4,13,13.42809524
H07,MK24,B4,MK24B4,4,17,20.8260161
H07,MK25,B4,MK25B4,4,22,23.04814404
H07,MK01,B5,MK01B5,5,9,13.41607143
H07,MK02,B5,MK02B5,5,10,33.68886358
H07,MK03,B5,MK03B5,5,8,27.31587486
H07,MK04,B5,MK04B5,5,6,55.19931237
H07,MK05,B5,MK05B5,5,24,14.61061742
H07,MK06,B5,MK06B5,5,15,13.31730251
H07,MK07,B5,MK07B5,5,12,16.84150008
H07,MK08,B5,MK08B5,5,25,23.57573217
H07,MK09,B5,MK09B5,5,23,33.53691549
H07,MK10,B5,MK10B5,5,7,23.95865858
H07,MK11,B5,MK11B5,5,20,36.14875468
H07,MK12,B5,MK12B5,5,13,17.04031728
H07,MK13,B5,MK13B5,5,14,34.69792941
H07,MK14,B5,MK14B5,5,22,17.03062179
H07,MK15,B5,MK15B5,5,18,15.97541908
H07,MK16,B5,MK16B5,5,19,22.76330132
H07,MK17,B5,MK17B5,5,11,13.22498608
H07,MK18,B5,MK18B5,5,17,18.95470336
H07,MK19,B5,MK19B5,5,2,23.95253629
H07,MK20,B5,MK20B5,5,5,37.28406818
H07,MK21,B5,MK21B5,5,3,18.45747222
H07,MK22,B5,MK22B5,5,4,4.467285714
H07,MK23,B5,MK23B5,5,1,30.88461905
H07,MK24,B5,MK24B5,5,21,28.05136863
H07,MK25,B5,MK25B5,5,16,35.70202704
H08,MK01,B1,MK01B1,1,13,35.55258929
H08,MK02,B1,MK02B1,1,1,25.48260194
H08,MK03,B1,MK03B1,1,18,8.477340476
H08,MK04,B1,MK04B1,1,9,27.1318654
H08,MK05,B1,MK05B1,1,10,26.70216288
H08,MK06,B1,MK06B1,1,16,27.55303968
H08,MK07,B1,MK07B1,1,22,22.85632153
H08,MK08,B1,MK08B1,1,20,35.89941034
H08,MK09,B1,MK09B1,1,23,17.88635492
H08,MK10,B1,MK10B1,1,4,17.87959596
H08,MK11,B1,MK11B1,1,3,19.99718344
H08,MK12,B1,MK12B1,1,19,29.13344568
H08,MK13,B1,MK13B1,1,24,33.09648651
H08,MK14,B1,MK14B1,1,14,25.54593269
H08,MK15,B1,MK15B1,1,7,18.84280199
H08,MK16,B1,MK16B1,1,6,16.96089119
H08,MK17,B1,MK17B1,1,2,25.59674725
H08,MK18,B1,MK18B1,1,25,25.84732275
H08,MK19,B1,MK19B1,1,21,26.6568549
H08,MK20,B1,MK20B1,1,5,16.17615657
H08,MK21,B1,MK21B1,1,8,12.30498148
H08,MK22,B1,MK22B1,1,17,24.57007143
H08,MK23,B1,MK23B1,1,15,20.14214286
H08,MK24,B1,MK24B1,1,11,19.97597463
H08,MK25,B1,MK25B1,1,12,27.11546358
H08,MK01,B2,MK01B2,2,20,26.83214286
H08,MK02,B2,MK02B2,2,2,28.93786999
H08,MK03,B2,MK03B2,2,3,21.66431455
H08,MK04,B2,MK04B2,2,11,14.03372348
H08,MK05,B2,MK05B2,2,15,25.69453409
H08,MK06,B2,MK06B2,2,18,45.00329815
H08,MK07,B2,MK07B2,2,22,30.07410728
H08,MK08,B2,MK08B2,2,19,18.21761121
H08,MK09,B2,MK09B2,2,13,33.53691549
H08,MK10,B2,MK10B2,2,9,16.80682021
H08,MK11,B2,MK11B2,2,10,18.45893856
H08,MK12,B2,MK12B2,2,12,8.245314815
H08,MK13,B2,MK13B2,2,7,18.4165933
H08,MK14,B2,MK14B2,2,5,35.48046207
H08,MK15,B2,MK15B2,2,17,21.30055877
H08,MK16,B2,MK16B2,2,14,16.51455194
H08,MK17,B2,MK17B2,2,16,12.79837363
H08,MK18,B2,MK18B2,2,25,36.18625185
H08,MK19,B2,MK19B2,2,21,15.83958045
H08,MK20,B2,MK20B2,2,1,30.37961112
H08,MK21,B2,MK21B2,2,4,25.70862202
H08,MK22,B2,MK22B2,2,23,16.75232143
H08,MK23,B2,MK23B2,2,6,18.35173016
H08,MK24,B2,MK24B2,2,8,14.45070505
H08,MK25,B2,MK25B2,2,24,31.18278312
H08,MK01,B3,MK01B3,3,10,11.18005952
H08,MK02,B3,MK02B3,3,16,17.70824881
H08,MK03,B3,MK03B3,3,11,26.37394815
H08,MK04,B3,MK04B3,3,20,21.9861668
H08,MK05,B3,MK05B3,3,3,11.08391667
H08,MK06,B3,MK06B3,3,14,42.70721151
H08,MK07,B3,MK07B3,3,13,21.25236915
H08,MK08,B3,MK08B3,3,2,45.8119341
H08,MK09,B3,MK09B3,3,1,22.35794367
H08,MK10,B3,MK10B3,3,6,15.01886061
H08,MK11,B3,MK11B3,3,17,14.35695221
H08,MK12,B3,MK12B3,3,9,28.85860185
H08,MK13,B3,MK13B3,3,19,10.67628597
H08,MK14,B3,MK14B3,3,24,33.35163435
H08,MK15,B3,MK15B3,3,4,22.9390633
H08,MK16,B3,MK16B3,3,21,7.141427866
H08,MK17,B3,MK17B3,3,18,26.23666593
H08,MK18,B3,MK18B3,3,12,36.61704056
H08,MK19,B3,MK19B3,3,7,19.70289276
H08,MK20,B3,MK20B3,3,5,26.82874748
H08,MK21,B3,MK21B3,3,15,10.54712698
H08,MK22,B3,MK22B3,3,25,3.908875
H08,MK23,B3,MK23B3,3,23,24.6181746
H08,MK24,B3,MK24B3,3,22,25.92626494
H08,MK25,B3,MK25B3,3,8,46.09628809
H08,MK01,B4,MK01B4,4,7,16.77008929
H08,MK02,B4,MK02B4,4,3,13.82107224
H08,MK03,B4,MK03B4,4,2,28.25780159
H08,MK04,B4,MK04B4,4,23,11.22697879
H08,MK05,B4,MK05B4,4,15,28.21360607
H08,MK06,B4,MK06B4,4,24,7.347477248
H08,MK07,B4,MK07B4,4,16,16.44051198
H08,MK08,B4,MK08B4,4,4,27.32641683
H08,MK09,B4,MK09B4,4,20,18.78067268
H08,MK10,B4,MK10B4,4,21,13.94608485
H08,MK11,B4,MK11B4,4,9,17.94619027
H08,MK12,B4,MK12B4,4,10,28.58375802
H08,MK13,B4,MK13B4,4,11,24.55545773
H08,MK14,B4,MK14B4,4,1,17.03062179
H08,MK15,B4,MK15B4,4,18,15.56579296
H08,MK16,B4,MK16B4,4,6,18.29990891
H08,MK17,B4,MK17B4,4,14,8.10563663
H08,MK18,B4,MK18B4,4,19,20.6778582
H08,MK19,B4,MK19B4,4,8,10.43094322
H08,MK20,B4,MK20B4,4,12,14.59799495
H08,MK21,B4,MK21B4,4,5,19.7758631
H08,MK22,B4,MK22B4,4,25,9.306845238
H08,MK23,B4,MK23B4,4,13,20.58974603
H08,MK24,B4,MK24B4,4,17,19.97597463
H08,MK25,B4,MK25B4,4,22,28.47123676
H08,MK01,B5,MK01B5,5,9,18.7825
H08,MK02,B5,MK02B5,5,10,3.887176566
H08,MK03,B5,MK03B5,5,8,27.31587486
H08,MK04,B5,MK04B5,5,6,23.38953915
H08,MK05,B5,MK05B5,5,24,11.33582386
H08,MK06,B5,MK06B5,5,15,17.45025847
H08,MK07,B5,MK07B5,5,12,11.22766672
H08,MK08,B5,MK08B5,5,25,15.00273865
H08,MK09,B5,MK09B5,5,23,29.06532676
H08,MK10,B5,MK10B5,5,7,13.94608485
H08,MK11,B5,MK11B5,5,20,13.07508148
H08,MK12,B5,MK12B5,5,13,32.98125926
H08,MK13,B5,MK13B5,5,14,6.405771582
H08,MK14,B5,MK14B5,5,22,28.85744248
H08,MK15,B5,MK15B5,5,18,20.48130652
H08,MK16,B5,MK16B5,5,19,5.802410141
H08,MK17,B5,MK17B5,5,11,7.039105495
H08,MK18,B5,MK18B5,5,17,18.73930899
H08,MK19,B5,MK19B5,5,2,21.24821767
H08,MK20,B5,MK20B5,5,5,17.16250758
H08,MK21,B5,MK21B5,5,3,13.62337235
H08,MK22,B5,MK22B5,5,4,5.956380952
H08,MK23,B5,MK23B5,5,1,20.14214286
H08,MK24,B5,MK24B5,5,21,41.65203221
H08,MK25,B5,MK25B5,5,16,19.43274889
H09,MK01,B1,MK01B1,1,13,28.17375
H09,MK02,B1,MK02B1,1,1,4.750993582
H09,MK03,B1,MK03B1,1,18,9.890230556
H09,MK04,B1,MK04B1,1,9,29.00302854
H09,MK05,B1,MK05B1,1,10,18.13731818
H09,MK06,B1,MK06B1,1,16,15.61338915
H09,MK07,B1,MK07B1,1,22,14.83655959
H09,MK08,B1,MK08B1,1,20,6.429745136
H09,MK09,B1,MK09B1,1,23,15.65056057
H09,MK10,B1,MK10B1,1,4,4.29110303
H09,MK11,B1,MK11B1,1,3,6.152979521
H09,MK12,B1,MK12B1,1,19,11.54344074
H09,MK13,B1,MK13B1,1,24,41.63751529
H09,MK14,B1,MK14B1,1,14,17.03062179
H09,MK15,B1,MK15B1,1,7,10.24065326
H09,MK16,B1,MK16B1,1,6,4.017053175
H09,MK17,B1,MK17B1,1,2,2.559674725
H09,MK18,B1,MK18B1,1,25,23.69337918
H09,MK19,B1,MK19B1,1,21,22.02088014
H09,MK20,B1,MK20B1,1,5,16.96523737
H09,MK21,B1,MK21B1,1,8,10.10766336
H09,MK22,B1,MK22B1,1,17,14.14640477
H09,MK23,B1,MK23B1,1,15,12.98049206
H09,MK24,B1,MK24B1,1,11,18.70091242
H09,MK25,B1,MK25B1,1,12,4.51924393
H09,MK01,B2,MK01B2,2,20,26.16133929
H09,MK02,B2,MK02B2,2,2,11.22962119
H09,MK03,B2,MK03B2,2,3,40.50284895
H09,MK04,B2,MK04B2,2,11,10.75918801
H09,MK05,B2,MK05B2,2,15,16.12206061
H09,MK06,B2,MK06B2,2,18,33.52286494
H09,MK07,B2,MK07B2,2,22,23.45780368
H09,MK08,B2,MK08B2,2,19,15.00273865
H09,MK09,B2,MK09B2,2,13,20.1221493
H09,MK10,B2,MK10B2,2,9,11.80053333
H09,MK11,B2,MK11B2,2,10,8.716720988
H09,MK12,B2,MK12B2,2,12,9.894377778
H09,MK13,B2,MK13B2,2,7,15.21370751
H09,MK14,B2,MK14B2,2,5,16.55754897
H09,MK15,B2,MK15B2,2,17,11.87915778
H09,MK16,B2,MK16B2,2,14,9.819463315
H09,MK17,B2,MK17B2,2,16,10.66531135
H09,MK18,B2,MK18B2,2,25,54.27937778
H09,MK19,B2,MK19B2,2,21,38.24679182
H09,MK20,B2,MK20B2,2,1,17.35977778
H09,MK21,B2,MK21B2,2,4,19.11666766
H09,MK22,B2,MK22B2,2,23,32.01554762
H09,MK23,B2,MK23B2,2,6,18.35173016
H09,MK24,B2,MK24B2,2,8,11.47555989
H09,MK25,B2,MK25B2,2,24,46.54821247
H09,MK01,B3,MK01B3,3,10,12.07446429
H09,MK02,B3,MK02B3,3,16,16.84443179
H09,MK03,B3,MK03B3,3,11,7.770895437
H09,MK04,B3,MK04B3,3,20,37.89105341
H09,MK05,B3,MK05B3,3,3,15.61824621
H09,MK06,B3,MK06B3,3,14,55.56529669
H09,MK07,B3,MK07B3,3,13,18.44545246
H09,MK08,B3,MK08B3,3,2,31.34500754
H09,MK09,B3,MK09B3,3,1,12.96760732
H09,MK10,B3,MK10B3,3,6,12.87330909
H09,MK11,B3,MK11B3,3,17,18.97168685
H09,MK12,B3,MK12B3,3,9,34.63032222
H09,MK13,B3,MK13B3,3,19,21.88638625
H09,MK14,B3,MK14B3,3,24,24.83632345
H09,MK15,B3,MK15B3,3,4,12.69841004
H09,MK16,B3,MK16B3,3,21,10.26580256
H09,MK17,B3,MK17B3,3,18,14.07821099
H09,MK18,B3,MK18B3,3,12,13.35445008
H09,MK19,B3,MK19B3,3,7,32.06549214
H09,MK20,B3,MK20B3,3,5,35.50863636
H09,MK21,B3,MK21B3,3,15,14.06283598
H09,MK22,B3,MK22B3,3,25,21.21960714
H09,MK23,B3,MK23B3,3,23,20.58974603
H09,MK24,B3,MK24B3,3,22,25.07622347
H09,MK25,B3,MK25B3,3,8,35.25010265
H09,MK01,B4,MK01B4,4,7,5.366428571
H09,MK02,B4,MK02B4,4,3,12.09343821
H09,MK03,B4,MK03B4,4,2,12.24504735
H09,MK04,B4,MK04B4,4,23,9.355815657
H09,MK05,B4,MK05B4,4,15,18.13731818
H09,MK06,B4,MK06B4,4,24,9.643563889
H09,MK07,B4,MK07B4,4,16,13.2326072
H09,MK08,B4,MK08B4,4,4,6.965557231
H09,MK09,B4,MK09B4,4,20,48.74031718
H09,MK10,B4,MK10B4,4,21,10.01257374
H09,MK11,B4,MK11B4,4,9,16.92069368
H09,MK12,B4,MK12B4,4,10,41.22657407
H09,MK13,B4,MK13B4,4,11,21.35257194
H09,MK14,B4,MK14B4,4,1,12.29989352
H09,MK15,B4,MK15B4,4,18,15.97541908
H09,MK16,B4,MK16B4,4,6,27.67303299
H09,MK17,B4,MK17B4,4,14,7.679024176
H09,MK18,B4,MK18B4,4,19,3.230915344
H09,MK19,B4,MK19B4,4,8,15.45324922
H09,MK20,B4,MK20B4,4,12,11.04713131
H09,MK21,B4,MK21B4,4,5,13.84310417
H09,MK22,B4,MK22B4,4,25,10.79594048
H09,MK23,B4,MK23B4,4,13,19.2469365
H09,MK24,B4,MK24B4,4,17,9.350456209
H09,MK25,B4,MK25B4,4,22,23.50006843
H09,MK01,B5,MK01B5,5,9,21.46571429
H09,MK02,B5,MK02B5,5,10,22.02733388
H09,MK03,B5,MK03B5,5,8,9.890230556
H09,MK04,B5,MK04B5,5,6,3.742326263
H09,MK05,B5,MK05B5,5,24,21.16020455
H09,MK06,B5,MK06B5,5,15,15.61338915
H09,MK07,B5,MK07B5,5,12,8.821738136
H09,MK08,B5,MK08B5,5,25,16.07436284
H09,MK09,B5,MK09B5,5,23,5.813065351
H09,MK10,B5,MK10B5,5,7,17.16441212
H09,MK11,B5,MK11B5,5,20,40.76348932
H09,MK12,B5,MK12B5,5,13,12.09312839
H09,MK13,B5,MK13B5,5,14,6.405771582
H09,MK14,B5,MK14B5,5,22,20.34213158
H09,MK15,B5,MK15B5,5,18,11.87915778
H09,MK16,B5,MK16B5,5,19,3.124374691
H09,MK17,B5,MK17B5,5,11,1.279837363
H09,MK18,B5,MK18B5,5,17,2.584732275
H09,MK19,B5,MK19B5,5,2,1.931656153
H09,MK20,B5,MK20B5,5,5,1.183621212
H09,MK21,B5,MK21B5,5,3,1.97758631
H09,MK22,B5,MK22B5,5,4,2.792053571
H09,MK23,B5,MK23B5,5,1,25.06577778
H09,MK24,B5,MK24B5,5,21,28.90141011
H09,MK25,B5,MK25B5,5,16,14.91350497
H10,MK01,B1,MK01B1,1,13,12.74526786
H10,MK02,B1,MK02B1,1,1,35.4164976
H10,MK03,B1,MK03B1,1,18,21.66431455
H10,MK04,B1,MK04B1,1,9,40.69779811
H10,MK05,B1,MK05B1,1,10,23.67927652
H10,MK06,B1,MK06B1,1,16,27.09382236
H10,MK07,B1,MK07B1,1,22,25.66323821
H10,MK08,B1,MK08B1,1,20,27.32641683
H10,MK09,B1,MK09B1,1,23,22.80510253
H10,MK10,B1,MK10B1,1,4,11.08534949
H10,MK11,B1,MK11B1,1,3,36.14875468
H10,MK12,B1,MK12B1,1,19,44.5247
H10,MK13,B1,MK13B1,1,24,29.35978641
H10,MK14,B1,MK14B1,1,14,34.53431641
H10,MK15,B1,MK15B1,1,7,27.85457687
H10,MK16,B1,MK16B1,1,6,21.87062284
H10,MK17,B1,MK17B1,1,2,31.56932162
H10,MK18,B1,MK18B1,1,25,39.20177284
H10,MK19,B1,MK19B1,1,21,41.33744167
H10,MK20,B1,MK20B1,1,5,30.77415152
H10,MK21,B1,MK21B1,1,8,22.41264484
H10,MK22,B1,MK22B1,1,17,25.68689286
H10,MK23,B1,MK23B1,1,15,23.27536507
H10,MK24,B1,MK24B1,1,11,34.00165895
H10,MK25,B1,MK25B1,1,12,53.32707837
H10,MK01,B2,MK01B2,2,20,27.50294643
H10,MK02,B2,MK02B2,2,2,41.46321671
H10,MK03,B2,MK03B2,2,3,35.32225198
H10,MK04,B2,MK04B2,2,11,39.76221654
H10,MK05,B2,MK05B2,2,15,27.70979166
H10,MK06,B2,MK06B2,2,18,21.58321442
H10,MK07,B2,MK07B2,2,22,31.27707157
H10,MK08,B2,MK08B2,2,19,29.4696652
H10,MK09,B2,MK09B2,2,13,61.0371862
H10,MK10,B2,MK10B2,2,9,24.67384242
H10,MK11,B2,MK11B2,2,10,27.17565955
H10,MK12,B2,MK12B2,2,12,21.43781852
H10,MK13,B2,MK13B2,2,7,28.82597212
H10,MK14,B2,MK14B2,2,5,42.10348166
H10,MK15,B2,MK15B2,2,17,19.66205426
H10,MK16,B2,MK16B2,2,14,47.75829886
H10,MK17,B2,MK17B2,2,16,16.63788571
H10,MK18,B2,MK18B2,2,25,25.84732275
H10,MK19,B2,MK19B2,2,21,33.99714828
H10,MK20,B2,MK20B2,2,1,35.50863636
H10,MK21,B2,MK21B2,2,4,15.16149504
H10,MK22,B2,MK22B2,2,23,35.36601191
H10,MK23,B2,MK23B2,2,6,25.96098412
H10,MK24,B2,MK24B2,2,8,18.70091242
H10,MK25,B2,MK25B2,2,24,57.39439791
H10,MK01,B3,MK01B3,3,10,14.75767857
H10,MK02,B3,MK02B3,3,16,34.55268059
H10,MK03,B3,MK03B3,3,11,14.83534583
H10,MK04,B3,MK04B3,3,20,38.82663498
H10,MK05,B3,MK05B3,3,3,22.16783334
H10,MK06,B3,MK06B3,3,14,36.73738625
H10,MK07,B3,MK07B3,3,13,32.07904777
H10,MK08,B3,MK08B3,3,2,35.36359825
H10,MK09,B3,MK09B3,3,1,27.72385014
H10,MK10,B3,MK10B3,3,6,20.02514748
H10,MK11,B3,MK11B3,3,17,38.456122
H10,MK12,B3,MK12B3,3,9,33.80579074
H10,MK13,B3,MK13B3,3,19,42.17132958
H10,MK14,B3,MK14B3,3,24,34.77085283
H10,MK15,B3,MK15B3,3,4,24.57756782
H10,MK16,B3,MK16B3,3,21,46.41928113
H10,MK17,B3,MK17B3,3,18,16.63788571
H10,MK18,B3,MK18B3,3,12,27.5704776
H10,MK19,B3,MK19B3,3,7,26.27052368
H10,MK20,B3,MK20B3,3,5,32.74685354
H10,MK21,B3,MK21B3,3,15,32.52030821
H10,MK22,B3,MK22B3,3,25,50.25696429
H10,MK23,B3,MK23B3,3,23,40.28428571
H10,MK24,B3,MK24B3,3,22,36.9768041
H10,MK25,B3,MK25B3,3,8,61.46171744
H10,MK01,B4,MK01B4,4,7,25.49053571
H10,MK02,B4,MK02B4,4,3,22.8911509
H10,MK03,B4,MK03B4,4,2,32.49647183
H10,MK04,B4,MK04B4,4,23,11.22697879
H10,MK05,B4,MK05B4,4,15,26.70216288
H10,MK06,B4,MK06B4,4,24,9.184346561
H10,MK07,B4,MK07B4,4,16,21.65335724
H10,MK08,B4,MK08B4,4,4,31.07710149
H10,MK09,B4,MK09B4,4,20,27.72385014
H10,MK10,B4,MK10B4,4,21,28.96494545
H10,MK11,B4,MK11B4,4,9,35.37963224
H10,MK12,B4,MK12B4,4,10,37.3787605
H10,MK13,B4,MK13B4,4,11,36.8331866
H10,MK14,B4,MK14B4,4,1,16.08447613
H10,MK15,B4,MK15B4,4,18,18.02354974
H10,MK16,B4,MK16B4,4,6,50.88267354
H10,MK17,B4,MK17B4,4,14,16.63788571
H10,MK18,B4,MK18B4,4,19,20.03167513
H10,MK19,B4,MK19B4,4,8,20.47555522
H10,MK20,B4,MK20B4,4,12,13.01983333
H10,MK21,B4,MK21B4,4,5,27.0270129
H10,MK22,B4,MK22B4,4,25,14.51867857
H10,MK23,B4,MK23B4,4,13,38.49387302
H10,MK24,B4,MK24B4,4,17,14.87572579
H10,MK25,B4,MK25B4,4,22,19.43274889
H10,MK01,B5,MK01B5,5,9,30.18616071
H10,MK02,B5,MK02B5,5,10,40.16749119
H10,MK03,B5,MK03B5,5,8,31.08358175
H10,MK04,B5,MK04B5,5,6,33.68093636
H10,MK05,B5,MK05B5,5,24,12.84726705
H10,MK06,B5,MK06B5,5,15,17.90947579
H10,MK07,B5,MK07B5,5,12,20.85138104
H10,MK08,B5,MK08B5,5,25,21.96829589
H10,MK09,B5,MK09B5,5,23,13.86192507
H10,MK10,B5,MK10B5,5,7,29.50133333
H10,MK11,B5,MK11B5,5,20,45.37822397
H10,MK12,B5,MK12B5,5,13,25.28563209
H10,MK13,B5,MK13B5,5,14,20.81875764
H10,MK14,B5,MK14B5,5,22,26.49207835
H10,MK15,B5,MK15B5,5,18,22.11981104
H10,MK16,B5,MK16B5,5,19,31.46691653
H10,MK17,B5,MK17B5,5,11,28.15642198
H10,MK18,B5,MK18B5,5,17,10.76971781
H10,MK19,B5,MK19B5,5,2,26.27052368
H10,MK20,B5,MK20B5,5,5,27.81509848
H10,MK21,B5,MK21B5,5,3,20.43505853
H10,MK22,B5,MK22B5,5,4,14.51867857
H10,MK23,B5,MK23B5,5,1,26.40858731
H10,MK24,B5,MK24B5,5,21,38.67688704
H10,MK25,B5,MK25B5,5,16,23.95199283
H11,MK01,B1,MK01B1,1,13,21.46571429
H11,MK02,B1,MK02B1,1,1,31.52932103
H11,MK03,B1,MK03B1,1,18,16.4837176
H11,MK04,B1,MK04B1,1,9,19.64721288
H11,MK05,B1,MK05B1,1,10,34.25937879
H11,MK06,B1,MK06B1,1,16,18.36869312
H11,MK07,B1,MK07B1,1,22,11.62865482
H11,MK08,B1,MK08B1,1,20,19.28923541
H11,MK09,B1,MK09B1,1,23,4.024429859
H11,MK10,B1,MK10B1,1,4,6.079062627
H11,MK11,B1,MK11B1,1,3,23.84279564
H11,MK12,B1,MK12B1,1,19,29.13344568
H11,MK13,B1,MK13B1,1,24,17.61587185
H11,MK14,B1,MK14B1,1,14,31.69587945
H11,MK15,B1,MK15B1,1,7,18.02354974
H11,MK16,B1,MK16B1,1,6,15.62187346
H11,MK17,B1,MK17B1,1,2,12.79837363
H11,MK18,B1,MK18B1,1,25,25.41653404
H11,MK19,B1,MK19B1,1,21,23.17987383
H11,MK20,B1,MK20B1,1,5,28.80144949
H11,MK21,B1,MK21B1,1,8,7.910345238
H11,MK22,B1,MK22B1,1,17,12.28503571
H11,MK23,B1,MK23B1,1,15,5.371238095
H11,MK24,B1,MK24B1,1,11,16.57580873
H11,MK25,B1,MK25B1,1,12,40.67319537
H11,MK01,B2,MK01B2,2,20,10.06205357
H11,MK02,B2,MK02B2,2,2,9.501987162
H11,MK03,B2,MK03B2,2,3,24.96105807
H11,MK04,B2,MK04B2,2,11,28.06744697
H11,MK05,B2,MK05B2,2,15,17.63350379
H11,MK06,B2,MK06B2,2,18,31.22677831
H11,MK07,B2,MK07B2,2,22,34.88596445
H11,MK08,B2,MK08B2,2,19,18.21761121
H11,MK09,B2,MK09B2,2,13,20.1221493
H11,MK10,B2,MK10B2,2,9,13.94608485
H11,MK11,B2,MK11B2,2,10,20.50993173
H11,MK12,B2,MK12B2,2,12,41.22657407
H11,MK13,B2,MK13B2,2,7,42.43823673
H11,MK14,B2,MK14B2,2,5,19.86905876
H11,MK15,B2,MK15B2,2,17,36.04709947
H11,MK16,B2,MK16B2,2,14,6.695088624
H11,MK17,B2,MK17B2,2,16,10.2386989
H11,MK18,B2,MK18B2,2,25,29.72442116
H11,MK19,B2,MK19B2,2,21,8.499287071
H11,MK20,B2,MK20B2,2,1,15.38707576
H11,MK21,B2,MK21B2,2,4,15.16149504
H11,MK22,B2,MK22B2,2,23,13.02958334
H11,MK23,B2,MK23B2,2,6,17.90412698
H11,MK24,B2,MK24B2,2,8,14.87572579
H11,MK25,B2,MK25B2,2,24,14.46158058
H11,MK01,B3,MK01B3,3,10,22.36011905
H11,MK02,B3,MK02B3,3,16,27.64214447
H11,MK03,B3,MK03B3,3,11,39.56092222
H11,MK04,B3,MK04B3,3,20,22.45395758
H11,MK05,B3,MK05B3,3,3,11.08391667
H11,MK06,B3,MK06B3,3,14,27.09382236
H11,MK07,B3,MK07B3,3,13,31.67805967
H11,MK08,B3,MK08B3,3,2,33.75616197
H11,MK09,B3,MK09B3,3,1,8.943177465
H11,MK10,B3,MK10B3,3,6,19.30996364
H11,MK11,B3,MK11B3,3,17,14.35695221
H11,MK12,B3,MK12B3,3,9,15.66609815
H11,MK13,B3,MK13B3,3,19,17.61587185
H11,MK14,B3,MK14B3,3,24,34.77085283
H11,MK15,B3,MK15B3,3,4,15.15616682
H11,MK16,B3,MK16B3,3,21,5.802410141
H11,MK17,B3,MK17B3,3,18,23.67699121
H11,MK18,B3,MK18B3,3,12,21.53943563
H11,MK19,B3,MK19B3,3,7,22.02088014
H11,MK20,B3,MK20B3,3,5,23.27788384
H11,MK21,B3,MK21B3,3,15,20.65479035
H11,MK22,B3,MK22B3,3,25,10.05139286
H11,MK23,B3,MK23B3,3,23,20.58974603
H11,MK24,B3,MK24B3,3,22,40.16445963
H11,MK25,B3,MK25B3,3,8,23.95199283
H11,MK01,B4,MK01B4,4,7,6.037232143
H11,MK02,B4,MK02B4,4,3,15.11679776
H11,MK03,B4,MK03B4,4,2,13.18697407
H11,MK04,B4,MK04B4,4,23,16.84046818
H11,MK05,B4,MK05B4,4,15,25.69453409
H11,MK06,B4,MK06B4,4,24,12.85808518
H11,MK07,B4,MK07B4,4,16,16.44051198
H11,MK08,B4,MK08B4,4,4,16.61017493
H11,MK09,B4,MK09B4,4,20,10.73181296
H11,MK10,B4,MK10B4,4,21,7.867022222
H11,MK11,B4,MK11B4,4,9,19.99718344
H11,MK12,B4,MK12B4,4,10,40.67688643
H11,MK13,B4,MK13B4,4,11,18.68350045
H11,MK14,B4,MK14B4,4,1,18.9229131
H11,MK15,B4,MK15B4,4,18,9.011774867
H11,MK16,B4,MK16B4,4,6,7.141427866
H11,MK17,B4,MK17B4,4,14,18.34433553
H11,MK18,B4,MK18B4,4,19,7.108013757
H11,MK19,B4,MK19B4,4,8,10.81727445
H11,MK20,B4,MK20B4,4,12,17.75431818
H11,MK21,B4,MK21B4,4,5,22.41264484
H11,MK22,B4,MK22B4,4,25,9.306845238
H11,MK23,B4,MK23B4,4,13,2.685619048
H11,MK24,B4,MK24B4,4,17,11.47555989
H11,MK25,B4,MK25B4,4,22,28.47123676
H11,MK01,B5,MK01B5,5,9,16.09928571
H11,MK02,B5,MK02B5,5,10,2.591451044
H11,MK03,B5,MK03B5,5,8,16.95468095
H11,MK04,B5,MK04B5,5,6,3.742326263
H11,MK05,B5,MK05B5,5,24,26.45025568
H11,MK06,B5,MK06B5,5,15,16.53182381
H11,MK07,B5,MK07B5,5,12,8.420750039
H11,MK08,B5,MK08B5,5,25,29.4696652
H11,MK09,B5,MK09B5,5,23,16.99203719
H11,MK10,B5,MK10B5,5,7,21.45551515
H11,MK11,B5,MK11B5,5,20,21.53542832
H11,MK12,B5,MK12B5,5,13,13.74219136
H11,MK13,B5,MK13B5,5,14,5.871957284
H11,MK14,B5,MK14B5,5,22,35.00738925
H11,MK15,B5,MK15B5,5,18,21.30055877
H11,MK16,B5,MK16B5,5,19,12.05115952
H11,MK17,B5,MK17B5,5,11,5.119349451
H11,MK18,B5,MK18B5,5,17,18.95470336
H11,MK19,B5,MK19B5,5,2,3.476981074
H11,MK20,B5,MK20B5,5,5,0
H11,MK21,B5,MK21B5,5,3,21.09425397
H11,MK22,B5,MK22B5,5,4,1.116821429
H11,MK23,B5,MK23B5,5,1,9.399666667
H11,MK24,B5,MK24B5,5,21,26.35128568
H11,MK25,B5,MK25B5,5,16,14.00965618
H12,MK01,B1,MK01B1,1,13,25.49053571
H12,MK02,B1,MK02B1,1,1,22.45924238
H12,MK03,B1,MK03B1,1,18,17.89660768
H12,MK04,B1,MK04B1,1,9,25.72849305
H12,MK05,B1,MK05B1,1,10,24.6869053
H12,MK06,B1,MK06B1,1,16,15.61338915
H12,MK07,B1,MK07B1,1,22,6.816797651
H12,MK08,B1,MK08B1,1,20,19.28923541
H12,MK09,B1,MK09B1,1,23,7.154541971
H12,MK10,B1,MK10B1,1,4,10.37016566
H12,MK11,B1,MK11B1,1,3,16.15157124
H12,MK12,B1,MK12B1,1,19,18.68938024
H12,MK13,B1,MK13B1,1,24,21.88638625
H12,MK14,B1,MK14B1,1,14,15.13833049
H12,MK15,B1,MK15B1,1,7,19.25242813
H12,MK16,B1,MK16B1,1,6,8.48044559
H12,MK17,B1,MK17B1,1,2,17.06449816
H12,MK18,B1,MK18B1,1,25,12.06208395
H12,MK19,B1,MK19B1,1,21,17.7712366
H12,MK20,B1,MK20B1,1,5,18.14885858
H12,MK21,B1,MK21B1,1,8,10.54712698
H12,MK22,B1,MK22B1,1,17,18.61369048
H12,MK23,B1,MK23B1,1,15,14.32330159
H12,MK24,B1,MK24B1,1,11,23.37614052
H12,MK25,B1,MK25B1,1,12,37.50972462
H12,MK01,B2,MK01B2,2,20,22.13651786
H12,MK02,B2,MK02B2,2,2,24.18687642
H12,MK03,B2,MK03B2,2,3,11.77408399
H12,MK04,B2,MK04B2,2,11,17.30825896
H12,MK05,B2,MK05B2,2,15,23.17546212
H12,MK06,B2,MK06B2,2,18,22.50164907
H12,MK07,B2,MK07B2,2,22,7.819267893
H12,MK08,B2,MK08B2,2,19,25.18316846
H12,MK09,B2,MK09B2,2,13,13.4147662
H12,MK10,B2,MK10B2,2,9,16.80682021
H12,MK11,B2,MK11B2,2,10,22.04817661
H12,MK12,B2,MK12B2,2,12,9.894377778
H12,MK13,B2,MK13B2,2,7,29.62669357
H12,MK14,B2,MK14B2,2,5,23.65364139
H12,MK15,B2,MK15B2,2,17,19.66205426
H12,MK16,B2,MK16B2,2,14,9.819463315
H12,MK17,B2,MK17B2,2,16,8.10563663
H12,MK18,B2,MK18B2,2,25,7.754196825
H12,MK19,B2,MK19B2,2,21,11.58993691
H12,MK20,B2,MK20B2,2,1,28.40690909
H12,MK21,B2,MK21B2,2,4,17.13908135
H12,MK22,B2,MK22B2,2,23,13.02958334
H12,MK23,B2,MK23B2,2,6,12.98049206
H12,MK24,B2,MK24B2,2,8,5.950290315
H12,MK25,B2,MK25B2,2,24,18.52890012
H12,MK01,B3,MK01B3,3,10,12.52166667
H12,MK02,B3,MK02B3,3,16,16.41252328
H12,MK03,B3,MK03B3,3,11,24.72557639
H12,MK04,B3,MK04B3,3,20,15.43709583
H12,MK05,B3,MK05B3,3,3,21.66401893
H12,MK06,B3,MK06B3,3,14,16.07260649
H12,MK07,B3,MK07B3,3,13,15.63853579
H12,MK08,B3,MK08B3,3,2,34.55988011
H12,MK09,B3,MK09B3,3,1,14.75624282
H12,MK10,B3,MK10B3,3,6,28.96494545
H12,MK11,B3,MK11B3,3,17,21.53542832
H12,MK12,B3,MK12B3,3,9,29.68313333
H12,MK13,B3,MK13B3,3,19,29.35978641
H12,MK14,B3,MK14B3,3,24,16.32101255
H12,MK15,B3,MK15B3,3,4,16.79467135
H12,MK16,B3,MK16B3,3,21,8.48044559
H12,MK17,B3,MK17B3,3,18,10.87861758
H12,MK18,B3,MK18B3,3,12,15.93918236
H12,MK19,B3,MK19B3,3,7,19.70289276
H12,MK20,B3,MK20B3,3,5,29.9850707
H12,MK21,B3,MK21B3,3,15,20.21532672
H12,MK22,B3,MK22B3,3,25,7.81775
H12,MK23,B3,MK23B3,3,23,15.66611112
H12,MK24,B3,MK24B3,3,22,8.075393998
H12,MK25,B3,MK25B3,3,8,25.7596904
H12,MK01,B4,MK01B4,4,7,14.75767857
H12,MK02,B4,MK02B4,4,3,24.61878492
H12,MK03,B4,MK03B4,4,2,24.96105807
H12,MK04,B4,MK04B4,4,23,10.75918801
H12,MK05,B4,MK05B4,4,15,31.74030682
H12,MK06,B4,MK06B4,4,24,5.510607937
H12,MK07,B4,MK07B4,4,16,13.2326072
H12,MK08,B4,MK08B4,4,4,19.8250475
H12,MK09,B4,MK09B4,4,20,14.30908395
H12,MK10,B4,MK10B4,4,21,13.58849293
H12,MK11,B4,MK11B4,4,9,34.86688396
H12,MK12,B4,MK12B4,4,10,7.695627161
H12,MK13,B4,MK13B4,4,11,22.42020054
H12,MK14,B4,MK14B4,4,1,24.12671421
H12,MK15,B4,MK15B4,4,18,11.05990552
H12,MK16,B4,MK16B4,4,6,16.96089119
H12,MK17,B4,MK17B4,4,14,14.9314359
H12,MK18,B4,MK18B4,4,19,9.046562963
H12,MK19,B4,MK19B4,4,8,20.47555522
H12,MK20,B4,MK20B4,4,12,7.496267676
H12,MK21,B4,MK21B4,4,5,19.7758631
H12,MK22,B4,MK22B4,4,25,5.584107143
H12,MK23,B4,MK23B4,4,13,11.19007936
H12,MK24,B4,MK24B4,4,17,15.30074652
H12,MK25,B4,MK25B4,4,22,13.1058074
H12,MK01,B5,MK01B5,5,9,24.14892857
H12,MK02,B5,MK02B5,5,10,5.182902089
H12,MK03,B5,MK03B5,5,8,21.19335119
H12,MK04,B5,MK04B5,5,6,14.96930506
H12,MK05,B5,MK05B5,5,24,17.38159659
H12,MK06,B5,MK06B5,5,15,11.93965053
H12,MK07,B5,MK07B5,5,12,11.62865482
H12,MK08,B5,MK08B5,5,25,17.68179912
H12,MK09,B5,MK09B5,5,23,8.496018591
H12,MK10,B5,MK10B5,5,7,24.67384242
H12,MK11,B5,MK11B5,5,20,15.3824488
H12,MK12,B5,MK12B5,5,13,17.59000494
H12,MK13,B5,MK13B5,5,14,4.804328687
H12,MK14,B5,MK14B5,5,22,9.93452938
H12,MK15,B5,MK15B5,5,18,18.02354974
H12,MK16,B5,MK16B5,5,19,5.802410141
H12,MK17,B5,MK17B5,5,11,24.95682857
H12,MK18,B5,MK18B5,5,17,15.07760494
H12,MK19,B5,MK19B5,5,2,15.45324922
H12,MK20,B5,MK20B5,5,5,31.95777273
H12,MK21,B5,MK21B5,5,3,4.614368056
H12,MK22,B5,MK22B5,5,4,0.558410714
H12,MK23,B5,MK23B5,5,1,16.56131746
H12,MK24,B5,MK24B5,5,21,27.20132715
H12,MK25,B5,MK25B5,5,16,15.81735376
